<?xml version="1.0" encoding="UTF-8"?>
<beans xmlns="http://www.springframework.org/schema/beans"
xmlns:xsi="http://www.w3.org/2001/XMLSchema-instance"
xmlns:p="http://www.springframework.org/schema/p"
xmlns:c="http://www.springframework.org/schema/c"
xsi:schemaLocation="http://www.springframework.org/schema/beans
http://www.springframework.org/schema/beans/spring-beans.xsd">


<bean id="CollectionDemo" class="Collection.CollectionDemo">
<property name="addresslist">
	<list>
		<value>India</value>
		<value>Spain</value>
		<value>England</value>
		<value>England</value>
	</list>
</property>

<property name="addressSet">
	<set>
		<value>India</value>
		<value>Spain</value>
		<value>England</value>
		<value>England</value>
	</set>
</property>

<property name="addressMap">
	<map>
		<entry key="1" value= "India"/>
		<entry key="2" value= "	Spain"/>
		<entry key="3" value= "England"/>
		<entry key="4" value= "England"/>
	</map>
</property>

<property name="addressProp">
	<props>
		<prop key="one">India</prop>
		<prop key="two">Spain</prop>
		<prop key="three">England</prop>
		<prop key="four">England</prop>
	</props>
</property>

</bean>

</beans>